id,prompt,answer
00066667,"In Alice's Wonderland, a secret bit manipulation rule transforms 8-bit binary numbers. The transformation involves operations like bit shifts, rotations, XOR, AND, OR, NOT, and possibly majority or choice functions.

Here are some examples of input -> output:
01010001 -> 11011101
00001001 -> 01101101
00010101 -> 01010101
11111111 -> 10000001
10011101 -> 01000101
00111011 -> 00001001
10111101 -> 00000101
00100110 -> 10110011

Now, determine the output for: 00110100",10010111
000b53cf,"In Alice's Wonderland, a secret bit manipulation rule transforms 8-bit binary numbers. The transformation involves operations like bit shifts, rotations, XOR, AND, OR, NOT, and possibly majority or choice functions.

Here are some examples of input -> output:
10001110 -> 00100110
10011001 -> 01000100
01100100 -> 00010001
10000010 -> 00001010
00011011 -> 01001100
00111010 -> 10011100
01101111 -> 00110111
10010110 -> 01011010
00001010 -> 00101100

Now, determine the output for: 11100000",01000011
0031df9c,"In Alice's Wonderland, a secret bit manipulation rule transforms 8-bit binary numbers. The transformation involves operations like bit shifts, rotations, XOR, AND, OR, NOT, and possibly majority or choice functions.

Here are some examples of input -> output:
00000000 -> 00000000
11001011 -> 11110010
11110010 -> 10111100
01001000 -> 00010010
01101000 -> 00011010
01011101 -> 01010111
10111001 -> 01101110
11011111 -> 11110111
11110101 -> 01111101
01111001 -> 01011110

Now, determine the output for: 11010000",00110100
004ef7c7,"In Alice's Wonderland, a secret bit manipulation rule transforms 8-bit binary numbers. The transformation involves operations like bit shifts, rotations, XOR, AND, OR, NOT, and possibly majority or choice functions.

Here are some examples of input -> output:
11101001 -> 01111101
11010100 -> 11111110
00110011 -> 00000111
00111000 -> 01001111
00101011 -> 11110101
00100010 -> 10101111
10000010 -> 11111010
00001010 -> 10111011

Now, determine the output for: 01010101",11111111
00754598,"In Alice's Wonderland, a secret bit manipulation rule transforms 8-bit binary numbers. The transformation involves operations like bit shifts, rotations, XOR, AND, OR, NOT, and possibly majority or choice functions.

Here are some examples of input -> output:
10101001 -> 01100010
00110011 -> 10010100
00100111 -> 00110001
11011100 -> 11010111
01110010 -> 10001100
01010001 -> 10011100
00100101 -> 00100001
00100001 -> 00000000
10011111 -> 11011111

Now, determine the output for: 01111110",11101111
00890aff,"In Alice's Wonderland, a secret bit manipulation rule transforms 8-bit binary numbers. The transformation involves operations like bit shifts, rotations, XOR, AND, OR, NOT, and possibly majority or choice functions.

Here are some examples of input -> output:
01110000 -> 00011000
11101010 -> 10111000
00001011 -> 00000100
00111101 -> 01011110
01010101 -> 01010100
01111001 -> 01111100
11001001 -> 01100100
01101110 -> 10111011
10111001 -> 01101100
01111110 -> 10111111

Now, determine the output for: 11100101",01110000
008b52fd,"In Alice's Wonderland, a secret bit manipulation rule transforms 8-bit binary numbers. The transformation involves operations like bit shifts, rotations, XOR, AND, OR, NOT, and possibly majority or choice functions.

Here are some examples of input -> output:
10011001 -> 01001110
10110101 -> 00010110
10011101 -> 01000110
10011110 -> 11000010
10111000 -> 10001110
11010000 -> 01011111
00110001 -> 00011101
11000111 -> 11110011
11110001 -> 10011111
11010001 -> 11011111

Now, determine the output for: 00001101",01100101
009a74b6,"In Alice's Wonderland, a secret bit manipulation rule transforms 8-bit binary numbers. The transformation involves operations like bit shifts, rotations, XOR, AND, OR, NOT, and possibly majority or choice functions.

Here are some examples of input -> output:
01110101 -> 00000111
01101101 -> 10000110
10001000 -> 01101110
11101010 -> 00001110
10100101 -> 00011011
10001011 -> 00111110
10101101 -> 10011010
11101101 -> 10011110
10110001 -> 11011011
01100001 -> 11000111

Now, determine the output for: 00110000",11111011
00fdc0be,"In Alice's Wonderland, a secret bit manipulation rule transforms 8-bit binary numbers. The transformation involves operations like bit shifts, rotations, XOR, AND, OR, NOT, and possibly majority or choice functions.

Here are some examples of input -> output:
01101111 -> 10111111
01001110 -> 00111111
01111101 -> 11111110
10111111 -> 11111111
01101011 -> 10111101
00010101 -> 11011110
11011111 -> 11111111

Now, determine the output for: 10101111",11111111
01248b76,"In Alice's Wonderland, a secret bit manipulation rule transforms 8-bit binary numbers. The transformation involves operations like bit shifts, rotations, XOR, AND, OR, NOT, and possibly majority or choice functions.

Here are some examples of input -> output:
01101100 -> 00011000
01010011 -> 10010110
00000000 -> 00000000
11011010 -> 00010101
00011010 -> 10010100
00000001 -> 00010010
11110110 -> 10001101
01100110 -> 10101100

Now, determine the output for: 11110010",11000101
012fb81b,"In Alice's Wonderland, a secret bit manipulation rule transforms 8-bit binary numbers. The transformation involves operations like bit shifts, rotations, XOR, AND, OR, NOT, and possibly majority or choice functions.

Here are some examples of input -> output:
10000100 -> 00000000
01101111 -> 10100011
01001111 -> 10100010
00010010 -> 00000000
10010100 -> 00000000
00101000 -> 00000000
01011001 -> 00100000
00010100 -> 00000000
00111000 -> 00000000
01110000 -> 00000000

Now, determine the output for: 10101101",10000100
016c474c,"In Alice's Wonderland, a secret bit manipulation rule transforms 8-bit binary numbers. The transformation involves operations like bit shifts, rotations, XOR, AND, OR, NOT, and possibly majority or choice functions.

Here are some examples of input -> output:
11000011 -> 00001010
01100100 -> 10010011
01110000 -> 11000011
00001010 -> 00101000
01010100 -> 01010010
01111101 -> 11110111
10110111 -> 11011001
11001100 -> 00110110
10110100 -> 11010101
10000111 -> 00011000

Now, determine the output for: 00000001",00000100
01d894fb,"In Alice's Wonderland, a secret bit manipulation rule transforms 8-bit binary numbers. The transformation involves operations like bit shifts, rotations, XOR, AND, OR, NOT, and possibly majority or choice functions.

Here are some examples of input -> output:
10001101 -> 00100100
01001001 -> 00000000
01101100 -> 00100000
01000111 -> 00011000
01100101 -> 00000000
00111111 -> 11111000
01111001 -> 11000000
10110111 -> 10011100

Now, determine the output for: 01111000",11000000
01e09228,"In Alice's Wonderland, a secret bit manipulation rule transforms 8-bit binary numbers. The transformation involves operations like bit shifts, rotations, XOR, AND, OR, NOT, and possibly majority or choice functions.

Here are some examples of input -> output:
01000111 -> 01110000
00100010 -> 00101010
10101100 -> 01101010
10000110 -> 01100000
01100010 -> 00101110
00100011 -> 00111010
00001011 -> 10010000
11100110 -> 01111110

Now, determine the output for: 01011001",10010101
01e395d0,"In Alice's Wonderland, a secret bit manipulation rule transforms 8-bit binary numbers. The transformation involves operations like bit shifts, rotations, XOR, AND, OR, NOT, and possibly majority or choice functions.

Here are some examples of input -> output:
10111100 -> 00011011
00101100 -> 10011110
10001101 -> 00011011
11101000 -> 10111110
01101010 -> 10101110
01000001 -> 01110101
01111111 -> 10000111
00110010 -> 01101111

Now, determine the output for: 11010100",01011101
0201e198,"In Alice's Wonderland, a secret bit manipulation rule transforms 8-bit binary numbers. The transformation involves operations like bit shifts, rotations, XOR, AND, OR, NOT, and possibly majority or choice functions.

Here are some examples of input -> output:
01010111 -> 10111010
11100010 -> 00010111
00111100 -> 11100001
00001110 -> 01110000
10000111 -> 00111100
10111000 -> 11000101
10100110 -> 00110101
00101110 -> 01110001
01011001 -> 11001010

Now, determine the output for: 10111110",11110101
02021540,"In Alice's Wonderland, a secret bit manipulation rule transforms 8-bit binary numbers. The transformation involves operations like bit shifts, rotations, XOR, AND, OR, NOT, and possibly majority or choice functions.

Here are some examples of input -> output:
10110100 -> 01000100
00100000 -> 01001000
10101111 -> 01110100
10100010 -> 01101101
11101001 -> 11101001
11011100 -> 10001110
10001011 -> 00110101

Now, determine the output for: 11101101",11100000
021ed764,"In Alice's Wonderland, a secret bit manipulation rule transforms 8-bit binary numbers. The transformation involves operations like bit shifts, rotations, XOR, AND, OR, NOT, and possibly majority or choice functions.

Here are some examples of input -> output:
00110000 -> 11111111
01101111 -> 11111010
10101110 -> 11110111
10001110 -> 11110101
11111001 -> 11111011
01001101 -> 11111010
11101111 -> 11110010
01000100 -> 11111110
01110010 -> 11111111

Now, determine the output for: 10000100",11111101
0228335b,"In Alice's Wonderland, a secret bit manipulation rule transforms 8-bit binary numbers. The transformation involves operations like bit shifts, rotations, XOR, AND, OR, NOT, and possibly majority or choice functions.

Here are some examples of input -> output:
01000000 -> 00010010
10110111 -> 11101000
11010010 -> 10110010
11110001 -> 01111011
00001001 -> 01000010
10101111 -> 11101110
10111110 -> 10101010
01100111 -> 11011010
10010110 -> 10100001

Now, determine the output for: 01100011",11011011
02324ba1,"In Alice's Wonderland, a secret bit manipulation rule transforms 8-bit binary numbers. The transformation involves operations like bit shifts, rotations, XOR, AND, OR, NOT, and possibly majority or choice functions.

Here are some examples of input -> output:
10000010 -> 11110111
10011111 -> 11100111
00010101 -> 11111110
00000101 -> 11111111
11111110 -> 11111111
01010111 -> 11111010
01100101 -> 11111101
10111100 -> 11110111
11000100 -> 11111011

Now, determine the output for: 11011001",11101011
024101d9,"In Alice's Wonderland, a secret bit manipulation rule transforms 8-bit binary numbers. The transformation involves operations like bit shifts, rotations, XOR, AND, OR, NOT, and possibly majority or choice functions.

Here are some examples of input -> output:
11000011 -> 10000111
11001110 -> 10011101
00110101 -> 01101010
01000010 -> 10000100
01011100 -> 10111000
00010101 -> 00101010
00111101 -> 01111010

Now, determine the output for: 00010000",00100000
0245b9bb,"In Alice's Wonderland, a secret bit manipulation rule transforms 8-bit binary numbers. The transformation involves operations like bit shifts, rotations, XOR, AND, OR, NOT, and possibly majority or choice functions.

Here are some examples of input -> output:
10011111 -> 01100011
11011010 -> 00111111
11010100 -> 11111110
01001111 -> 00111011
01101010 -> 11111111
01000101 -> 10111010
01100011 -> 01001110
00101100 -> 10001111

Now, determine the output for: 10001101",00001001
025abbbb,"In Alice's Wonderland, a secret bit manipulation rule transforms 8-bit binary numbers. The transformation involves operations like bit shifts, rotations, XOR, AND, OR, NOT, and possibly majority or choice functions.

Here are some examples of input -> output:
11010101 -> 01000001
11000010 -> 10000001
11010001 -> 01000001
00101011 -> 11000000
00010000 -> 00000000
00011010 -> 10000000
11101010 -> 10000001
01001111 -> 11000000

Now, determine the output for: 10001100",00000001
02778bd7,"In Alice's Wonderland, a secret bit manipulation rule transforms 8-bit binary numbers. The transformation involves operations like bit shifts, rotations, XOR, AND, OR, NOT, and possibly majority or choice functions.

Here are some examples of input -> output:
11100111 -> 00000000
00110010 -> 00000000
10101001 -> 10000000
00100010 -> 00000000
01011100 -> 00000000
10110110 -> 00000000
01001001 -> 10000000

Now, determine the output for: 00010110",00000000
0290f51a,"In Alice's Wonderland, a secret bit manipulation rule transforms 8-bit binary numbers. The transformation involves operations like bit shifts, rotations, XOR, AND, OR, NOT, and possibly majority or choice functions.

Here are some examples of input -> output:
01011010 -> 00101011
10100100 -> 01010111
10110001 -> 10110111
00011001 -> 10011001
11101011 -> 01100111
11100001 -> 10100111
10000001 -> 10111111
01001101 -> 00001110
11101111 -> 11100111

Now, determine the output for: 11010001",10101111
02a5a1ca,"In Alice's Wonderland, a secret bit manipulation rule transforms 8-bit binary numbers. The transformation involves operations like bit shifts, rotations, XOR, AND, OR, NOT, and possibly majority or choice functions.

Here are some examples of input -> output:
10111001 -> 00101110
10111110 -> 11111111
11001010 -> 11110110
01011111 -> 11111111
01101100 -> 00011011
10110111 -> 10111101
00001011 -> 11000110

Now, determine the output for: 10110001",01101101
02a66bcb,"In Alice's Wonderland, a secret bit manipulation rule transforms 8-bit binary numbers. The transformation involves operations like bit shifts, rotations, XOR, AND, OR, NOT, and possibly majority or choice functions.

Here are some examples of input -> output:
10011100 -> 01111010
01100110 -> 10011001
11110101 -> 11111010
00100000 -> 00000000
00101111 -> 00011110
10111010 -> 01111100
00001100 -> 00010000
11010110 -> 01101011

Now, determine the output for: 00100111",00011110
030479a6,"In Alice's Wonderland, a secret bit manipulation rule transforms 8-bit binary numbers. The transformation involves operations like bit shifts, rotations, XOR, AND, OR, NOT, and possibly majority or choice functions.

Here are some examples of input -> output:
00011011 -> 11000000
01001001 -> 01000010
00001100 -> 00000000
11010111 -> 11000110
11011001 -> 01000110
00000011 -> 11000000
11100111 -> 11000111
00100011 -> 11000001
01001011 -> 11000010
11100011 -> 11000111

Now, determine the output for: 11010001",01000110
0311b798,"In Alice's Wonderland, a secret bit manipulation rule transforms 8-bit binary numbers. The transformation involves operations like bit shifts, rotations, XOR, AND, OR, NOT, and possibly majority or choice functions.

Here are some examples of input -> output:
11010101 -> 10101000
11010010 -> 00011000
10011001 -> 00001001
00001111 -> 01100000
11100000 -> 00001100
11100111 -> 00111100
00111101 -> 10100011

Now, determine the output for: 01100110",00000100
032fc96f,"In Alice's Wonderland, a secret bit manipulation rule transforms 8-bit binary numbers. The transformation involves operations like bit shifts, rotations, XOR, AND, OR, NOT, and possibly majority or choice functions.

Here are some examples of input -> output:
11010011 -> 11101001
10100000 -> 11000010
01110110 -> 00110101
00001000 -> 00110000
00001011 -> 00111010
01010011 -> 11101011
01011110 -> 11000101
00100110 -> 11010100
01010100 -> 11111001

Now, determine the output for: 00010101",01111110
